{
  "result_code": 0,
  "message": "success",
  "data": [
    {
      "name": "天气",
      "code": "weather",
      "desc": "this is an app",
      "url": ""
    },
    {
      "name": "天气",
      "code": "weather",
      "desc": "this is an app",
      "url": ""
    },
    {
      "name": "天气",
      "code": "weather",
      "desc": "this is an app",
      "url": ""
    },
    {
      "name": "天气",
      "code": "weather",
      "desc": "this is an app",
      "url": ""
    },
    {
      "name": "天气",
      "code": "weather",
      "desc": "this is an app",
      "url": ""
    },
    {
      "name": "天气",
      "code": "weather",
      "desc": "this is an app",
      "url": ""
    },
    {
      "name": "天气",
      "code": "weather",
      "desc": "this is an app",
      "url": ""
    }
  ]
}