{
  "result_code": 0,
  "message": "success",
  "data": [
    {
      "horoscope": "金牛座",
      "text": "综合运势：今天要控制一下暴躁的脾气，领导者在与下属相处的时候和善一点。工作氛围是不 错的，事业在稳步上升，就是成效会不太明显。花钱方面特别舍得，喜欢买一些好看却不实用的东西，炫富心理强。爱情运势：对爱人的感觉似乎在慢慢变淡，想 要结束这段感情。事业学业：事业上需把握新机会，梦想有机会实现。财富运势：财政状况出现入不敷支的现象，会有情绪消费。健康运势：一些人会有胃部健康 问题，平时吃饭要定时。"
    },
    {
      "horoscope": "金牛座",
      "text": "综合运势：今天要控制一下暴躁的脾气，领导者在与下属相处的时候和善一点。工作氛围是不 错的，事业在稳步上升，就是成效会不太明显。花钱方面特别舍得，喜欢买一些好看却不实用的东西，炫富心理强。爱情运势：对爱人的感觉似乎在慢慢变淡，想 要结束这段感情。事业学业：事业上需把握新机会，梦想有机会实现。财富运势：财政状况出现入不敷支的现象，会有情绪消费。健康运势：一些人会有胃部健康 问题，平时吃饭要定时。"
    }
  ]
}